id,first_name,last_name,email,gender,ip_address
1,Prentiss,Gasperi,pgasperi0@posterous.com,Male,110.196.155.63
2,Mercedes,Ackerman,mackerman1@trellian.com,Female,166.28.90.65
3,Steffie,Breakwell,sbreakwell2@tuttocitta.it,Female,105.190.252.102
4,Kent,Stears,kstears3@1688.com,Agender,51.229.98.255
5,Dasha,Booth-Jarvis,dboothjarvis4@so-net.ne.jp,Female,1.127.104.32
6,Berri,Corben,bcorben5@ning.com,Female,114.120.197.237
7,Jethro,Smitten,jsmitten6@webnode.com,Male,191.198.82.235
8,Park,Dionsetti,pdionsetti7@huffingtonpost.com,Male,137.190.245.250
9,Reeta,Abriani,rabriani8@etsy.com,Female,110.61.175.60
10,Darren,Ghelarducci,dghelarducci9@icq.com,Male,4.236.41.210
11,Blithe,De Brett,bdebretta@etsy.com,Female,189.145.177.224
12,Filia,De Beauchemp,fdebeauchempb@webeden.co.uk,Female,194.37.229.203
13,Koenraad,Berthod,kberthodc@vinaora.com,Male,216.222.46.162
14,Jackson,Ferreli,jferrelid@mit.edu,Male,7.94.48.137
15,Ardella,Scantleberry,ascantleberrye@deliciousdays.com,Female,71.165.17.154
16,Daria,Jaggs,djaggsf@pen.io,Agender,214.97.20.103
17,Felecia,Roskams,froskamsg@hhs.gov,Female,179.9.45.173
18,Anson,Duffell,aduffellh@xing.com,Genderqueer,106.67.187.97
19,Johnny,Scotchforth,jscotchforthi@fotki.com,Male,57.131.41.182
20,Dermot,Cayle,dcaylej@nydailynews.com,Male,212.83.56.4
21,Ebeneser,Weighell,eweighellk@nifty.com,Male,167.186.66.100
22,Sergent,Slowly,sslowlyl@yandex.ru,Male,149.161.233.81
23,Anthe,Meake,ameakem@un.org,Female,166.137.199.138
24,Jackquelin,Sheeran,jsheerann@unicef.org,Female,81.138.126.6
25,Pris,Lymbourne,plymbourneo@creativecommons.org,Polygender,200.87.52.206
26,Eleanor,Goodhand,egoodhandp@answers.com,Female,221.28.121.51
27,Waiter,Trounce,wtrounceq@gmpg.org,Male,240.58.245.12
28,Corey,Forth,cforthr@jugem.jp,Male,222.165.193.171
29,Myrtia,Kiezler,mkiezlers@redcross.org,Female,170.251.24.131
30,Starla,Bourton,sbourtont@simplemachines.org,Female,204.28.50.183
31,Kinny,Davidovsky,kdavidovskyu@samsung.com,Male,192.82.40.227
32,Natty,Lilleman,nlillemanv@odnoklassniki.ru,Female,199.91.23.33
33,Wayne,Mealiffe,wmealiffew@earthlink.net,Male,141.226.111.93
34,Mayor,Myrkus,mmyrkusx@amazon.com,Male,4.168.176.181
35,Franz,Gerred,fgerredy@goodreads.com,Male,230.109.164.156
36,Efrem,Nannetti,enannettiz@unc.edu,Male,79.116.171.246
37,Jackie,Jagger,jjagger10@wikipedia.org,Genderfluid,53.159.163.103
38,Lindy,Serginson,lserginson11@techcrunch.com,Female,168.175.240.254
39,Kippie,Ormston,kormston12@buzzfeed.com,Male,222.195.230.26
40,Elaina,Pietruszka,epietruszka13@psu.edu,Female,180.36.186.125
41,Enid,Waith,ewaith14@wunderground.com,Female,21.92.127.82
42,Kessiah,Wellwood,kwellwood15@macromedia.com,Female,148.134.82.65
43,Ronnica,Khomishin,rkhomishin16@ucsd.edu,Female,166.125.212.211
44,Midge,Joderli,mjoderli17@blogs.com,Female,200.226.92.122
45,Odessa,Matthewman,omatthewman18@nytimes.com,Female,229.37.148.83
46,Alexis,Wooff,awooff19@comsenz.com,Genderqueer,92.227.164.63
47,Hercules,Sillwood,hsillwood1a@amazon.co.jp,Male,254.93.94.77
48,Dorry,Kull,dkull1b@cisco.com,Female,101.221.122.178
49,Heinrick,Strongitharm,hstrongitharm1c@europa.eu,Male,115.148.9.201
50,Abagael,Larn,alarn1d@hatena.ne.jp,Female,99.151.149.17
51,Adelaide,Yanuk,ayanuk1e@123-reg.co.uk,Female,218.135.177.205
52,Roger,Ekless,rekless1f@nytimes.com,Male,123.26.246.24
53,Ealasaid,Fendlen,efendlen1g@ibm.com,Agender,247.179.132.177
54,Ladonna,Maddra,lmaddra1h@ebay.com,Female,184.218.48.108
55,Leann,Erley,lerley1i@youtu.be,Female,219.49.121.90
56,Prue,Hebbron,phebbron1j@flickr.com,Female,213.73.205.38
57,Alayne,Twohig,atwohig1k@go.com,Female,28.14.217.242
58,Marchall,Jopson,mjopson1l@weather.com,Genderqueer,201.140.60.171
59,Kaiser,Robecon,krobecon1m@about.me,Male,43.158.208.84
60,Roman,Tuffin,rtuffin1n@nature.com,Male,120.150.76.150
61,Annabal,Penelli,apenelli1o@elegantthemes.com,Female,1.145.42.45
62,Ethyl,Colbert,ecolbert1p@yahoo.co.jp,Female,141.44.14.35
63,Alain,MacCorkell,amaccorkell1q@guardian.co.uk,Male,52.112.45.207
64,Tristam,Wyld,twyld1r@craigslist.org,Male,27.73.92.162
65,Maribel,Dymond,mdymond1s@digg.com,Female,241.142.151.243
66,Olivia,Todeo,otodeo1t@sohu.com,Female,24.148.152.54
67,Chrissy,Matuszak,cmatuszak1u@dmoz.org,Male,231.119.209.159
68,Cathyleen,Spencock,cspencock1v@woothemes.com,Female,40.118.85.145
69,Ailee,Dolton,adolton1w@craigslist.org,Female,122.71.135.212
70,Stefano,Gower,sgower1x@sakura.ne.jp,Male,219.149.216.137
71,Dixie,Mathiassen,dmathiassen1y@weebly.com,Female,229.217.86.210
72,Marylee,Dallywater,mdallywater1z@tamu.edu,Female,254.230.127.8
73,Eilis,McConnal,emcconnal20@rediff.com,Female,64.130.63.204
74,Leo,Apfler,lapfler21@technorati.com,Male,238.112.168.131
75,Terrel,Stut,tstut22@oaic.gov.au,Male,239.39.82.25
76,Gilligan,Dullard,gdullard23@youtube.com,Female,91.132.243.182
77,Hailee,Wickins,hwickins24@ftc.gov,Female,125.53.158.161
78,Babbette,Sandeford,bsandeford25@odnoklassniki.ru,Female,143.5.246.160
79,Rockwell,Braghini,rbraghini26@hp.com,Male,55.160.82.235
80,Lisabeth,Gotthard,lgotthard27@comcast.net,Female,161.36.162.67
81,Guss,Ibbetson,gibbetson28@statcounter.com,Male,214.92.226.200
82,Binni,Persey,bpersey29@mashable.com,Female,137.209.194.63
83,Marcel,Cordoba,mcordoba2a@skype.com,Non-binary,72.43.1.240
84,Tybi,Grills,tgrills2b@constantcontact.com,Female,63.93.165.39
85,Dody,Dable,ddable2c@istockphoto.com,Female,120.236.241.138
86,Angy,Flobert,aflobert2d@hp.com,Female,10.7.118.155
87,Ruben,Royse,rroyse2e@typepad.com,Male,46.247.69.67
88,Dulsea,Bales,dbales2f@alibaba.com,Female,81.242.66.42
89,Danyette,Habberjam,dhabberjam2g@omniture.com,Female,80.147.19.32
90,Ali,Horbath,ahorbath2h@economist.com,Agender,215.187.123.89
91,Kean,Melhuish,kmelhuish2i@globo.com,Male,90.237.86.146
92,Bartolemo,Castillon,bcastillon2j@businessweek.com,Male,120.120.205.51
93,Garry,Megany,gmegany2k@reference.com,Male,43.106.97.121
94,Kylynn,Loxdale,kloxdale2l@instagram.com,Female,45.213.187.145
95,Philly,Lamy,plamy2m@timesonline.co.uk,Female,64.251.131.81
96,Konstance,Lightoller,klightoller2n@prlog.org,Female,121.113.196.143
97,Trevor,Andreotti,tandreotti2o@epa.gov,Bigender,7.26.124.251
98,Somerset,Beagan,sbeagan2p@businessweek.com,Male,117.216.147.121
99,Toddie,Twiddell,ttwiddell2q@npr.org,Male,57.113.187.57
100,Idelle,Goodchild,igoodchild2r@t-online.de,Female,71.121.236.181
101,Katy,Westmorland,kwestmorland2s@reference.com,Agender,123.140.127.24
102,Augustin,Annear,aannear2t@disqus.com,Male,77.82.143.91
103,Jenelle,Groves,jgroves2u@sciencedirect.com,Female,163.65.170.233
104,Cristobal,Adamo,cadamo2v@delicious.com,Male,195.17.241.248
105,Nero,Hanwell,nhanwell2w@bravesites.com,Male,39.30.131.8
106,Jarad,Duesberry,jduesberry2x@tmall.com,Male,200.32.38.111
107,Barney,Cotillard,bcotillard2y@nsw.gov.au,Male,240.45.51.145
108,Gregorio,Arpino,garpino2z@archive.org,Male,172.179.197.75
109,Itch,Coston,icoston30@canalblog.com,Male,95.223.156.2
110,Mada,Knoble,mknoble31@cmu.edu,Female,64.62.220.127
111,Irena,Andino,iandino32@mit.edu,Female,39.25.231.128
112,Otho,Colquhoun,ocolquhoun33@scientificamerican.com,Male,90.242.244.8
113,Vyky,Benallack,vbenallack34@last.fm,Female,9.215.228.158
114,Jobyna,Kupec,jkupec35@amazon.com,Genderfluid,186.111.70.198
115,Vlad,Rought,vrought36@salon.com,Male,104.227.219.207
116,Ree,Hurne,rhurne37@imdb.com,Female,34.57.22.163
117,Rowland,Henriksson,rhenriksson38@cnet.com,Agender,167.61.52.142
118,Gerhardine,Ciccoloi,gciccoloi39@discuz.net,Female,176.80.111.6
119,Joscelin,Carle,jcarle3a@skype.com,Female,183.198.98.69
120,Danna,Vinecombe,dvinecombe3b@mapquest.com,Female,30.83.245.230
121,Caritta,Bleythin,cbleythin3c@istockphoto.com,Female,19.50.18.119
122,Dougie,Rosendahl,drosendahl3d@si.edu,Male,155.32.8.236
123,Slade,Briance,sbriance3e@instagram.com,Male,41.216.229.230
124,Imogen,Do Rosario,idorosario3f@chronoengine.com,Female,63.159.17.57
125,Aliza,Creed,acreed3g@bbb.org,Female,40.241.177.31
126,Marney,Baitey,mbaitey3h@so-net.ne.jp,Female,154.124.30.87
127,Virgie,Trafford,vtrafford3i@wunderground.com,Female,167.45.201.77
128,Etty,Formilli,eformilli3j@narod.ru,Female,188.135.34.233
129,Ahmed,Cumbers,acumbers3k@pen.io,Male,204.183.132.67
130,Justinn,Straker,jstraker3l@ameblo.jp,Female,28.199.245.221
131,Kimmi,O'Toole,kotoole3m@sogou.com,Female,155.6.88.33
132,Dag,Ferries,dferries3n@opera.com,Male,117.6.159.156
133,Cyrus,McKean,cmckean3o@domainmarket.com,Male,88.222.35.106
134,Wesley,Somers,wsomers3p@bluehost.com,Male,64.104.170.60
135,Ganny,Rean,grean3q@hatena.ne.jp,Male,30.32.193.151
136,Erminia,Ratie,eratie3r@alibaba.com,Female,76.1.168.54
137,Cleopatra,Dalinder,cdalinder3s@g.co,Female,74.118.199.206
138,Dinnie,Gosalvez,dgosalvez3t@craigslist.org,Female,38.196.40.188
139,Tyson,Bere,tbere3u@miitbeian.gov.cn,Male,19.21.13.210
140,Car,Sidden,csidden3v@1688.com,Male,185.113.176.89
141,Cacilie,McCloch,cmccloch3w@yellowbook.com,Genderqueer,161.186.32.181
142,Elisha,Gentry,egentry3x@wiley.com,Female,228.62.165.67
143,Tommie,Roof,troof3y@aboutads.info,Male,59.33.41.160
144,Nadia,Gurnee,ngurnee3z@g.co,Female,226.183.222.164
145,Pierre,Loftus,ploftus40@exblog.jp,Agender,100.40.117.134
146,Gerrie,Forge,gforge41@buzzfeed.com,Male,114.218.254.168
147,Broddy,Archell,barchell42@psu.edu,Male,239.182.150.142
148,Randall,Croyser,rcroyser43@opensource.org,Male,84.97.220.218
149,Dani,Varden,dvarden44@clickbank.net,Female,215.203.84.70
150,Bradford,Draayer,bdraayer45@bluehost.com,Male,247.231.131.98
151,Mendie,Whitman,mwhitman46@odnoklassniki.ru,Male,28.25.56.40
152,Karil,Slessor,kslessor47@reference.com,Female,103.133.132.48
153,Tait,Osmon,tosmon48@craigslist.org,Male,197.182.5.123
154,Marrissa,Andren,mandren49@springer.com,Polygender,53.151.118.20
155,Cecily,Staten,cstaten4a@dropbox.com,Female,255.218.46.239
156,Albina,Alcock,aalcock4b@marketwatch.com,Female,221.40.29.238
157,Jodi,Artist,jartist4c@census.gov,Female,242.99.2.100
158,Junie,Cator,jcator4d@upenn.edu,Female,240.82.128.80
159,Charmane,Crosoer,ccrosoer4e@ameblo.jp,Female,139.166.116.250
160,Deeyn,Grishukov,dgrishukov4f@msn.com,Female,177.85.218.104
161,Amberly,Philpin,aphilpin4g@geocities.jp,Female,65.4.150.172
162,Chicky,Dutton,cdutton4h@columbia.edu,Male,121.235.56.48
163,Taber,Loxton,tloxton4i@bizjournals.com,Male,18.115.172.80
164,Eberhard,Bruck,ebruck4j@toplist.cz,Male,147.82.198.222
165,Kingston,Kos,kkos4k@exblog.jp,Male,198.178.194.65
166,Laverna,Millichip,lmillichip4l@about.com,Female,208.120.247.175
167,Brynn,Menloe,bmenloe4m@ucoz.ru,Female,143.129.200.60
168,Erna,Olliffe,eolliffe4n@unicef.org,Genderqueer,86.205.77.87
169,Cobby,Downey,cdowney4o@gmpg.org,Male,95.90.184.156
170,Pablo,Livett,plivett4p@slate.com,Male,255.1.220.249
171,Benedick,Hardington,bhardington4q@last.fm,Male,222.15.36.129
172,Ruggiero,Gemelli,rgemelli4r@deviantart.com,Male,112.26.115.190
173,Nerte,Mazzeo,nmazzeo4s@businesswire.com,Female,220.85.95.146
174,Evvie,Arstall,earstall4t@icio.us,Female,105.245.137.36
175,Hadley,Temblett,htemblett4u@hatena.ne.jp,Male,90.130.220.25
176,Lindy,Cohr,lcohr4v@google.co.jp,Female,242.178.222.142
177,Ralph,McSwan,rmcswan4w@cargocollective.com,Male,236.22.224.232
178,Alikee,Shilstone,ashilstone4x@elpais.com,Female,9.190.206.245
179,Amandi,Patroni,apatroni4y@kickstarter.com,Female,157.132.88.201
180,Anatollo,Pering,apering4z@bravesites.com,Male,154.98.132.174
181,Leese,Capineer,lcapineer50@unicef.org,Female,36.133.141.92
182,Mickey,Cranefield,mcranefield51@gizmodo.com,Genderqueer,221.80.74.220
183,Sari,Templeton,stempleton52@opera.com,Female,176.166.184.229
184,Armin,Henrichsen,ahenrichsen53@miibeian.gov.cn,Male,111.76.210.55
185,Thibaut,Ewin,tewin54@discovery.com,Male,125.62.160.4
186,Osborne,Neiland,oneiland55@alibaba.com,Male,106.90.143.214
187,Wilhelm,Dowsing,wdowsing56@cbsnews.com,Male,76.182.105.196
188,Dare,Bathurst,dbathurst57@unblog.fr,Male,229.224.77.134
189,Lynsey,Clark,lclark58@wunderground.com,Female,235.143.4.51
190,Stace,Druery,sdruery59@studiopress.com,Female,184.112.104.159
191,Cordy,Weller,cweller5a@delicious.com,Male,155.218.157.38
192,Sher,China,schina5b@virginia.edu,Female,159.222.184.213
193,Rafaelia,Levings,rlevings5c@behance.net,Female,139.210.229.28
194,Edgard,Gottelier,egottelier5d@irs.gov,Male,51.17.149.118
195,Tabina,O'Cullinane,tocullinane5e@nasa.gov,Female,29.62.25.100
196,Wakefield,Cornford,wcornford5f@ovh.net,Bigender,46.163.21.44
197,Becky,Mawd,bmawd5g@netscape.com,Female,121.43.63.105
198,Angel,Culvey,aculvey5h@globo.com,Female,102.100.211.145
199,Georges,Morfell,gmorfell5i@smh.com.au,Male,84.229.251.179
200,Kimbell,Rennles,krennles5j@miibeian.gov.cn,Male,189.127.106.18
201,Kelsey,Jirik,kjirik5k@bravesites.com,Male,204.166.240.57
202,Theda,Pettyfer,tpettyfer5l@spotify.com,Female,229.34.113.110
203,Page,Geraudel,pgeraudel5m@instagram.com,Female,111.177.109.115
204,Madeline,Sturte,msturte5n@vkontakte.ru,Female,66.206.106.183
205,Faith,Skirlin,fskirlin5o@mit.edu,Female,79.189.98.30
206,Midge,Cursey,mcursey5p@cyberchimps.com,Female,147.69.124.174
207,Paloma,Meynell,pmeynell5q@springer.com,Female,72.179.92.7
208,Averil,Guidini,aguidini5r@dion.ne.jp,Male,31.62.234.218
209,Sasha,Picknett,spicknett5s@networksolutions.com,Male,183.223.79.165
210,Gerhard,Gunner,ggunner5t@cbsnews.com,Male,160.71.86.99
211,Rora,Mooney,rmooney5u@nymag.com,Female,71.173.179.220
212,Isidore,Pairpoint,ipairpoint5v@wikia.com,Male,220.220.194.42
213,Grantley,Tomalin,gtomalin5w@ibm.com,Male,40.182.255.250
214,Michal,Jerrans,mjerrans5x@dagondesign.com,Male,243.210.126.252
215,Quent,Sessions,qsessions5y@sciencedaily.com,Male,218.120.89.132
216,Frederik,Badland,fbadland5z@creativecommons.org,Male,203.152.30.95
217,Cristal,Cuphus,ccuphus60@hc360.com,Female,232.222.190.148
218,Misti,Orrett,morrett61@ask.com,Female,97.95.49.109
219,Lily,Prati,lprati62@un.org,Female,53.165.209.77
220,Frans,Treasure,ftreasure63@opera.com,Male,170.199.10.88
221,Katalin,Seiffert,kseiffert64@twitpic.com,Female,171.6.5.190
222,Osbert,Leveret,oleveret65@hostgator.com,Male,137.132.136.187
223,Diane,Crux,dcrux66@buzzfeed.com,Female,141.71.71.88
224,Hagen,Orrow,horrow67@un.org,Male,1.249.216.178
225,Brigida,Rochester,brochester68@blogtalkradio.com,Female,192.163.32.21
226,Honoria,Odeson,hodeson69@google.com,Female,234.113.215.185
227,Blinnie,Kettlestringe,bkettlestringe6a@mac.com,Female,6.120.205.22
228,Klaus,Pulbrook,kpulbrook6b@exblog.jp,Male,252.225.88.205
229,Tani,Izat,tizat6c@deliciousdays.com,Female,137.217.54.173
230,Cullen,Meys,cmeys6d@seesaa.net,Male,165.140.76.77
231,Thornton,Fairholme,tfairholme6e@g.co,Male,18.214.204.28
232,Nev,Fadden,nfadden6f@desdev.cn,Male,162.150.112.5
233,Cherianne,Holbie,cholbie6g@mit.edu,Bigender,22.165.212.106
234,Randie,Ruggieri,rruggieri6h@w3.org,Female,254.229.129.76
235,Clotilda,Kipping,ckipping6i@tinyurl.com,Female,20.45.96.203
236,Lisetta,Laweles,llaweles6j@sciencedirect.com,Genderfluid,181.174.39.249
237,Thatch,Willcot,twillcot6k@aol.com,Male,102.79.1.195
238,Heinrick,Penhall,hpenhall6l@japanpost.jp,Male,135.149.225.220
239,Tait,Woollcott,twoollcott6m@npr.org,Non-binary,183.114.229.10
240,Caspar,Paler,cpaler6n@w3.org,Bigender,50.136.211.216
241,Maire,Bernadon,mbernadon6o@sina.com.cn,Female,183.97.146.165
242,Gwenore,Hurnell,ghurnell6p@facebook.com,Female,86.125.217.6
243,Peg,Armand,parmand6q@adobe.com,Female,250.93.135.240
244,Spike,Roast,sroast6r@woothemes.com,Male,194.60.177.131
245,Cal,Provost,cprovost6s@house.gov,Male,15.218.58.0
246,Evan,Llywarch,ellywarch6t@csmonitor.com,Male,138.102.76.203
247,Sean,Spinke,sspinke6u@jigsy.com,Male,138.186.198.79
248,Kitti,Chastney,kchastney6v@mozilla.org,Female,230.139.213.208
249,Burl,Tant,btant6w@wunderground.com,Male,186.201.66.233
250,Jobie,Vaines,jvaines6x@feedburner.com,Female,152.99.85.226
251,Emanuel,Worsnup,eworsnup6y@scribd.com,Male,35.117.157.34
252,Kristo,Lotze,klotze6z@joomla.org,Male,240.104.65.122
253,Alva,Duckerin,aduckerin70@ask.com,Male,199.9.101.133
254,Hallie,Munden,hmunden71@myspace.com,Female,37.13.88.177
255,Wiatt,Laflin,wlaflin72@hugedomains.com,Male,151.170.109.68
256,Malissa,Pamphilon,mpamphilon73@youku.com,Female,69.129.156.140
257,Molli,Trevear,mtrevear74@is.gd,Female,68.143.210.38
258,Ulrica,Busain,ubusain75@clickbank.net,Female,166.94.171.242
259,Bent,Casazza,bcasazza76@gov.uk,Male,59.48.83.91
260,Kristoforo,Webben,kwebben77@wunderground.com,Male,143.221.100.67
261,Ravi,Bartoszek,rbartoszek78@acquirethisname.com,Male,84.87.98.209
262,Westbrooke,Malan,wmalan79@techcrunch.com,Male,75.102.237.5
263,Benito,Mainwaring,bmainwaring7a@dmoz.org,Male,67.77.224.30
264,Griswold,Compston,gcompston7b@npr.org,Male,194.159.0.18
265,Kiersten,Bene,kbene7c@deliciousdays.com,Female,24.18.127.218
266,Elly,Kinny,ekinny7d@mtv.com,Female,85.189.244.85
267,Brook,Brabbs,bbrabbs7e@flavors.me,Female,223.181.178.142
268,Englebert,Rohlf,erohlf7f@house.gov,Male,199.97.57.103
269,Bowie,Laybourn,blaybourn7g@ycombinator.com,Male,29.37.58.64
270,Nora,Danser,ndanser7h@goodreads.com,Genderqueer,215.220.115.28
271,Garret,Pinchen,gpinchen7i@gmpg.org,Male,53.100.49.165
272,Em,Kinnar,ekinnar7j@instagram.com,Male,143.235.3.110
273,Collin,Quilliam,cquilliam7k@google.cn,Male,148.202.231.157
274,Adolph,Carreyette,acarreyette7l@slashdot.org,Male,65.90.56.138
275,Ashleigh,Tidcomb,atidcomb7m@goo.gl,Female,252.5.189.215
276,Philippa,Goodright,pgoodright7n@umich.edu,Female,197.205.153.16
277,Ophelia,Wyvill,owyvill7o@senate.gov,Female,219.58.241.60
278,Rolph,Antal,rantal7p@de.vu,Male,37.39.163.171
279,Rafaela,Wesson,rwesson7q@netlog.com,Female,249.83.126.104
280,Alano,Kik,akik7r@multiply.com,Male,245.104.188.235
281,Jeanne,Jentet,jjentet7s@nasa.gov,Female,141.238.135.90
282,Yetty,Hawler,yhawler7t@homestead.com,Female,192.236.132.105
283,Modesta,Hanscomb,mhanscomb7u@china.com.cn,Non-binary,163.87.13.39
284,Ainslee,Sired,asired7v@live.com,Female,181.141.23.146
285,Candi,Rae,crae7w@intel.com,Female,9.233.53.177
286,Orrin,Lehrian,olehrian7x@issuu.com,Male,105.172.155.192
287,Margareta,Christensen,mchristensen7y@instagram.com,Female,155.207.59.180
288,Mellie,Squelch,msquelch7z@biglobe.ne.jp,Genderfluid,78.76.165.145
289,Lev,Bassano,lbassano80@jimdo.com,Male,227.75.133.179
290,Lind,Minghetti,lminghetti81@hhs.gov,Agender,219.167.5.115
291,Malena,Manby,mmanby82@histats.com,Female,161.108.140.181
292,Artus,Varnam,avarnam83@amazon.co.jp,Male,132.55.85.4
293,Buiron,Seaton,bseaton84@pinterest.com,Male,3.238.102.31
294,Antonius,Moxsom,amoxsom85@4shared.com,Male,35.63.137.52
295,Leoine,Threlkeld,lthrelkeld86@ca.gov,Female,43.165.187.79
296,Lavina,Allsepp,lallsepp87@gov.uk,Female,174.71.104.156
297,Electra,Stalman,estalman88@sina.com.cn,Female,10.199.49.46
298,Shaine,Kewish,skewish89@exblog.jp,Female,11.115.139.126
299,Renie,Teal,rteal8a@answers.com,Female,29.98.5.66
300,Sigmund,Mugleston,smugleston8b@netlog.com,Male,151.117.203.227
301,Carlin,Kilmister,ckilmister8c@apple.com,Male,108.248.109.183
302,Jarred,Henrych,jhenrych8d@va.gov,Male,228.227.162.131
303,Emmi,Stather,estather8e@geocities.jp,Female,131.45.229.3
304,Ramsay,Cantopher,rcantopher8f@creativecommons.org,Male,98.73.217.109
305,Conan,O'Neill,coneill8g@businesswire.com,Male,107.11.235.100
306,Woodrow,Erickson,werickson8h@amazon.co.uk,Male,37.228.202.153
307,Xymenes,Stare,xstare8i@purevolume.com,Male,113.153.123.45
308,Godfry,Olland,golland8j@tiny.cc,Male,200.107.191.101
309,Milton,Garham,mgarham8k@eventbrite.com,Male,0.182.78.28
310,Regan,Benez,rbenez8l@simplemachines.org,Male,147.206.54.191
311,Simeon,Chadwyck,schadwyck8m@soup.io,Agender,171.241.220.169
312,Astrid,O'Grada,aograda8n@ucoz.com,Female,63.93.53.34
313,Francyne,Key,fkey8o@tuttocitta.it,Female,210.10.155.166
314,Currey,Crowhurst,ccrowhurst8p@imdb.com,Male,71.255.153.26
315,Jennine,Langton,jlangton8q@imdb.com,Female,94.88.185.152
316,Lorraine,Kobierzycki,lkobierzycki8r@reddit.com,Female,110.112.51.177
317,Keely,Blum,kblum8s@berkeley.edu,Female,100.216.231.126
318,Torry,Friedlos,tfriedlos8t@hud.gov,Male,153.76.65.34
319,Elisabetta,Assante,eassante8u@webs.com,Female,206.71.85.170
320,Maryjo,Bastistini,mbastistini8v@state.tx.us,Agender,102.10.235.196
321,Shalom,Gillyatt,sgillyatt8w@photobucket.com,Male,93.116.80.149
322,Giles,Sonnenschein,gsonnenschein8x@blog.com,Male,168.27.194.243
323,Keelia,Urian,kurian8y@dot.gov,Female,108.29.83.168
324,Efrem,Swendell,eswendell8z@fema.gov,Male,124.42.209.4
325,Grazia,Stawell,gstawell90@wordpress.org,Female,124.153.199.236
326,Gillie,MacGown,gmacgown91@merriam-webster.com,Female,156.150.177.204
327,Lina,le Keux,llekeux92@goo.gl,Female,52.163.14.236
328,Hadley,Dymick,hdymick93@php.net,Male,237.245.231.200
329,Hanan,Fender,hfender94@gravatar.com,Male,110.4.236.194
330,Mandie,Longina,mlongina95@nationalgeographic.com,Female,124.162.39.89
331,Gennifer,Lippingwell,glippingwell96@intel.com,Female,202.184.236.134
332,Dolorita,Brittian,dbrittian97@google.com.br,Female,222.143.162.171
333,Willabella,Stooke,wstooke98@creativecommons.org,Female,223.85.39.124
334,Prudence,Gotthard.sf,pgotthardsf99@businesswire.com,Female,79.52.239.2
335,Leontine,Gomme,lgomme9a@chron.com,Female,235.151.118.133
336,Anna-diane,Basil,abasil9b@woothemes.com,Female,167.234.16.210
337,Kenn,Ivanchikov,kivanchikov9c@cafepress.com,Male,79.173.126.221
338,Crissy,Trevains,ctrevains9d@ibm.com,Female,13.250.165.57
339,Maurise,Braemer,mbraemer9e@gov.uk,Female,58.136.78.7
340,Laureen,Marklew,lmarklew9f@spotify.com,Female,206.79.159.81
341,Blake,Picardo,bpicardo9g@unblog.fr,Female,20.137.162.140
342,Sile,Jarvis,sjarvis9h@cloudflare.com,Female,201.19.109.210
343,Rhianna,Raw,rraw9i@irs.gov,Female,39.172.208.189
344,Melisse,Manueau,mmanueau9j@eventbrite.com,Female,136.163.88.235
345,Joyous,Manach,jmanach9k@ibm.com,Female,31.196.193.177
346,Flss,Loton,floton9l@youtu.be,Female,134.188.44.243
347,Fran,Antunez,fantunez9m@lulu.com,Male,205.123.216.103
348,Waylen,Crippes,wcrippes9n@ovh.net,Male,243.214.108.173
349,Marika,Thom,mthom9o@fotki.com,Female,10.62.160.161
350,Base,Etheredge,betheredge9p@phpbb.com,Male,47.145.198.202
351,Weber,King,wking9q@furl.net,Male,121.239.27.48
352,Neddy,Gert,ngert9r@g.co,Male,38.18.190.76
353,Stanton,Speak,sspeak9s@booking.com,Male,110.92.165.203
354,Joshuah,Crush,jcrush9t@marketwatch.com,Male,80.153.40.17
355,Martino,Mateos,mmateos9u@spiegel.de,Male,186.42.229.119
356,Sherrie,Dabell,sdabell9v@netscape.com,Female,230.236.167.18
357,Dexter,Perotti,dperotti9w@ifeng.com,Male,199.164.5.152
358,Pier,Thwaite,pthwaite9x@instagram.com,Female,61.45.240.21
359,Esteban,Axel,eaxel9y@un.org,Male,151.120.158.179
360,Robinett,Pulhoster,rpulhoster9z@cafepress.com,Female,162.146.246.11
361,Amos,Charville,acharvillea0@forbes.com,Male,83.28.89.220
362,Jay,Skakunas,jskakunasa1@hp.com,Genderqueer,14.145.134.53
363,Jackie,Flockhart,jflockharta2@macromedia.com,Female,92.1.2.19
364,Erma,Paffot,epaffota3@homestead.com,Female,137.42.247.99
365,Galina,Chaudhry,gchaudhrya4@blogger.com,Female,113.4.60.35
366,Connie,Hanssmann,chanssmanna5@amazon.com,Agender,8.180.150.117
367,Kiley,Ritchley,kritchleya6@mysql.com,Male,115.121.103.118
368,Niko,Beringer,nberingera7@tumblr.com,Male,74.106.248.147
369,Kathi,Spadoni,kspadonia8@admin.ch,Female,46.87.248.242
370,Gideon,Yegorkov,gyegorkova9@blinklist.com,Male,20.8.175.214
371,Nollie,Tregunna,ntregunnaaa@disqus.com,Male,200.137.144.72
372,Mirna,Lindborg,mlindborgab@is.gd,Female,185.62.213.6
373,Jacobo,Layhe,jlayheac@about.me,Male,3.128.26.44
374,Kerri,Gatus,kgatusad@patch.com,Female,218.176.198.163
375,Rutter,Petch,rpetchae@photobucket.com,Male,119.172.180.249
376,Martin,Wagge,mwaggeaf@nhs.uk,Male,206.104.203.120
377,Harry,Atley,hatleyag@zimbio.com,Male,169.151.13.81
378,Dallon,Lean,dleanah@mit.edu,Male,179.238.241.10
379,Horatius,Trundler,htrundlerai@cam.ac.uk,Male,155.144.84.84
380,Sanford,Huntall,shuntallaj@example.com,Male,75.159.233.93
381,Andi,Ridulfo,aridulfoak@cisco.com,Female,226.141.138.66
382,Barnabe,Padley,bpadleyal@ask.com,Agender,229.69.218.127
383,Kahaleel,Medgwick,kmedgwickam@reference.com,Male,206.123.129.156
384,Devonne,Winsome,dwinsomean@upenn.edu,Female,2.132.13.148
385,Kerwinn,Harbin,kharbinao@hatena.ne.jp,Male,29.43.3.34
386,Quintina,O' Hern,qohernap@cbsnews.com,Female,244.222.167.134
387,Sanson,Ianno,siannoaq@eepurl.com,Bigender,66.199.63.171
388,Benedikta,Such,bsuchar@themeforest.net,Female,78.19.60.101
389,Ogdon,Mickleborough,omickleboroughas@desdev.cn,Male,92.254.172.123
390,Winnah,Tweedie,wtweedieat@stumbleupon.com,Female,69.192.220.225
391,Malinde,Gofton,mgoftonau@etsy.com,Female,147.6.156.234
392,Karie,Lengthorn,klengthornav@nymag.com,Female,41.246.210.217
393,Carroll,Pickance,cpickanceaw@va.gov,Male,93.86.42.113
394,Estelle,Moxson,emoxsonax@usgs.gov,Female,200.237.96.186
395,Felizio,Bothams,fbothamsay@list-manage.com,Male,192.235.160.40
396,Kristian,Wallett,kwallettaz@ucsd.edu,Male,30.133.211.169
397,Jeanelle,Tellett,jtellettb0@yelp.com,Agender,121.179.167.48
398,Melinde,Bowyer,mbowyerb1@cam.ac.uk,Female,14.2.219.34
399,Townsend,Heakins,theakinsb2@sciencedirect.com,Male,131.188.98.36
400,Cleo,Follos,cfollosb3@exblog.jp,Female,0.21.85.31
401,Ethyl,McPhilemy,emcphilemyb4@wordpress.com,Female,178.91.186.129
402,Maxi,Straughan,mstraughanb5@wired.com,Female,247.51.109.47
403,Banky,Wilsey,bwilseyb6@newsvine.com,Male,80.218.154.46
404,Ralph,Thoumasson,rthoumassonb7@imdb.com,Male,185.154.94.26
405,Bill,Pomfret,bpomfretb8@squarespace.com,Male,70.7.129.111
406,Farrell,Garbott,fgarbottb9@ifeng.com,Male,7.197.43.145
407,Bastien,Leathley,bleathleyba@stanford.edu,Male,192.170.137.140
408,Marlyn,Solland,msollandbb@usda.gov,Female,250.57.125.57
409,Myca,MacTavish,mmactavishbc@nature.com,Male,113.234.195.174
410,La verne,Stote,lstotebd@tumblr.com,Female,231.62.215.45
411,Dallas,Breming,dbremingbe@squarespace.com,Male,239.191.57.129
412,Zita,Ulster,zulsterbf@wiley.com,Female,127.167.192.114
413,Ephrayim,Guttridge,eguttridgebg@sphinn.com,Male,38.225.31.104
414,Kev,Dutteridge,kdutteridgebh@uol.com.br,Male,186.65.85.180
415,Nancey,McSharry,nmcsharrybi@stumbleupon.com,Female,144.49.69.233
416,Mendy,Baddeley,mbaddeleybj@goo.gl,Male,103.129.5.194
417,Roseline,Evreux,revreuxbk@themeforest.net,Female,240.245.190.43
418,Giffy,Hogbourne,ghogbournebl@friendfeed.com,Male,151.155.16.221
419,Herby,Berthelet,hbertheletbm@imageshack.us,Male,25.180.223.161
420,Calhoun,Bonds,cbondsbn@reuters.com,Male,99.138.24.131
421,Murial,Feavyour,mfeavyourbo@cargocollective.com,Female,179.138.131.232
422,Chiquita,Tewkesbury.,ctewkesburybp@salon.com,Female,228.88.113.144
423,Marcia,Hurrell,mhurrellbq@com.com,Female,44.107.185.5
424,Noreen,Saurat,nsauratbr@epa.gov,Female,79.210.27.197
425,Livvie,Clamp,lclampbs@technorati.com,Female,69.10.106.131
426,Ichabod,Jorczyk,ijorczykbt@salon.com,Male,254.136.198.118
427,Oby,Batterton,obattertonbu@mapquest.com,Male,116.57.36.146
428,Marjie,Atack,matackbv@auda.org.au,Female,177.207.161.80
429,Elsworth,Gall,egallbw@indiegogo.com,Male,25.143.127.77
430,Barth,Mattessen,bmattessenbx@time.com,Bigender,193.96.221.153
431,Harlin,Bragger,hbraggerby@simplemachines.org,Male,171.8.226.196
432,Wilhelm,Morstatt,wmorstattbz@nyu.edu,Male,77.249.147.123
433,Modesty,Beininck,mbeininckc0@feedburner.com,Female,101.190.164.229
434,Killie,Bjorkan,kbjorkanc1@harvard.edu,Male,173.133.23.253
435,Georgeta,Banner,gbannerc2@npr.org,Female,127.180.7.172
436,Nicholle,Dolman,ndolmanc3@php.net,Female,51.0.180.65
437,Hallie,Lathaye,hlathayec4@flickr.com,Female,121.41.25.249
438,Sayre,Vickery,svickeryc5@ed.gov,Male,28.142.93.145
439,Meir,Lies,mliesc6@spotify.com,Male,125.186.54.119
440,Orton,Masseo,omasseoc7@miitbeian.gov.cn,Male,3.134.250.35
441,Chloe,Brightey,cbrighteyc8@blogs.com,Female,93.215.82.19
442,Flint,Franzolini,ffranzolinic9@storify.com,Male,64.66.82.107
443,Sergent,Moylane,smoylaneca@columbia.edu,Agender,100.86.183.167
444,Lucie,Pollen,lpollencb@google.cn,Female,137.89.118.141
445,Dwayne,Lavrinov,dlavrinovcc@mapquest.com,Male,219.154.134.21
446,Kennie,Rummin,krummincd@slate.com,Male,72.102.114.159
447,Sergio,Athersmith,sathersmithce@mayoclinic.com,Male,98.153.228.72
448,Adda,McReedy,amcreedycf@state.gov,Female,111.45.92.59
449,Abdel,Scurry,ascurrycg@bing.com,Male,194.8.123.176
450,Bordy,Baxster,bbaxsterch@yahoo.co.jp,Male,68.170.156.211
451,Oran,Gladbeck,ogladbeckci@123-reg.co.uk,Male,4.17.3.225
452,Vincenz,Sparling,vsparlingcj@rambler.ru,Male,216.115.205.2
453,Patience,Phair,pphairck@biglobe.ne.jp,Agender,173.164.214.160
454,Nike,Wellesley,nwellesleycl@ning.com,Female,36.167.203.171
455,Maurine,Garnar,mgarnarcm@mtv.com,Female,55.7.222.33
456,Kristian,Hutson,khutsoncn@weather.com,Male,148.178.216.93
457,Milly,Di Gregorio,mdigregorioco@pagesperso-orange.fr,Female,188.167.242.63
458,De witt,Tirone,dtironecp@wunderground.com,Male,165.171.85.173
459,Humfrey,Lloyd-Williams,hlloydwilliamscq@unblog.fr,Male,255.24.224.71
460,Madella,Antonnikov,mantonnikovcr@studiopress.com,Female,223.229.34.62
461,Percy,Stilgoe,pstilgoecs@weibo.com,Male,134.197.14.220
462,Maxie,Lowle,mlowlect@sbwire.com,Male,120.227.157.92
463,Darcy,Bes,dbescu@wisc.edu,Bigender,213.113.178.96
464,Orrin,Bahde,obahdecv@dell.com,Male,134.63.204.133
465,Bing,Wickey,bwickeycw@usnews.com,Male,144.97.194.111
466,Ganny,Swatheridge,gswatheridgecx@bandcamp.com,Male,66.8.59.147
467,Clark,Wesson,cwessoncy@census.gov,Male,33.63.33.175
468,Isabeau,Carlow,icarlowcz@hud.gov,Female,1.30.158.249
469,Felipe,Sunshine,fsunshined0@t-online.de,Male,97.169.18.216
470,Lucian,Raveau,lraveaud1@samsung.com,Male,107.45.185.101
471,Bobinette,Haile,bhailed2@aol.com,Female,150.42.4.131
472,Zarah,Pett,zpettd3@alexa.com,Female,242.254.115.171
473,Muffin,Dalgetty,mdalgettyd4@nature.com,Male,29.21.29.223
474,Jacinda,Danev,jdanevd5@mozilla.org,Female,113.21.138.244
475,Saleem,Quesne,squesned6@w3.org,Male,227.101.190.128
476,Sargent,Condy,scondyd7@networksolutions.com,Male,96.121.161.15
477,Bent,De Rechter,bderechterd8@latimes.com,Male,55.71.130.130
478,Coleman,Albrooke,calbrooked9@printfriendly.com,Male,122.187.224.60
479,Hartwell,Rafter,hrafterda@themeforest.net,Male,131.23.118.106
480,Humfried,Amies,hamiesdb@mit.edu,Male,108.255.116.202
481,Fee,Feldbau,ffeldbaudc@vk.com,Male,97.255.185.74
482,Estrellita,Kirkland,ekirklanddd@scribd.com,Genderfluid,120.211.9.46
483,Nelle,Hriinchenko,nhriinchenkode@who.int,Female,187.29.7.22
484,Terza,Clampe,tclampedf@nih.gov,Female,101.125.19.110
485,Doro,Craythorne,dcraythornedg@columbia.edu,Female,70.137.218.96
486,Merrill,Ferrettino,mferrettinodh@hhs.gov,Male,99.49.220.205
487,Lee,Gilbank,lgilbankdi@whitehouse.gov,Male,136.172.155.196
488,Aurie,Craigie,acraigiedj@webmd.com,Female,124.227.103.24
489,Corabel,Felder,cfelderdk@stanford.edu,Female,239.213.220.31
490,Franni,Rennles,frennlesdl@toplist.cz,Female,175.108.239.55
491,Lombard,Finnick,lfinnickdm@eventbrite.com,Male,94.28.193.188
492,Lauri,Trevaskus,ltrevaskusdn@nationalgeographic.com,Female,199.158.24.12
493,Tab,Wyss,twyssdo@usa.gov,Genderqueer,116.89.53.103
494,Goldi,Domerq,gdomerqdp@altervista.org,Female,34.31.177.197
495,Marcelia,Ferrier,mferrierdq@t.co,Female,190.22.15.205
496,Clyve,Gaule,cgauledr@boston.com,Male,156.44.130.108
497,Chad,Harkness,charknessds@nasa.gov,Male,234.113.206.179
498,Babbie,Clutterbuck,bclutterbuckdt@blogger.com,Female,40.95.70.232
499,Brand,Lovart,blovartdu@people.com.cn,Male,89.37.156.149
500,Kathleen,Lineker,klinekerdv@economist.com,Female,99.51.138.128
501,Abbye,McAirt,amcairtdw@lycos.com,Female,69.197.182.99
502,Rodolph,Mundle,rmundledx@com.com,Male,52.13.158.133
503,Dacia,Wardrop,dwardropdy@independent.co.uk,Female,198.129.15.166
504,Gianina,Jowsey,gjowseydz@oracle.com,Female,34.191.203.143
505,Bo,Petrik,bpetrike0@patch.com,Male,146.214.117.165
506,Emmalyn,Kennon,ekennone1@trellian.com,Female,102.134.152.6
507,Adriano,Abrahamian,aabrahamiane2@discovery.com,Male,69.117.218.50
508,Salvidor,Duro,sduroe3@vimeo.com,Male,88.126.235.106
509,Early,Fairholme,efairholmee4@bbb.org,Male,162.199.121.252
510,Bendix,Hinchcliffe,bhinchcliffee5@about.com,Male,59.100.45.114
511,Gabrielle,Whistance,gwhistancee6@nhs.uk,Female,26.100.95.55
512,Fulton,Vlahos,fvlahose7@amazon.com,Male,142.251.106.23
513,Nevin,Noli,nnolie8@last.fm,Male,230.245.58.24
514,Tommie,Auguste,taugustee9@ovh.net,Male,53.244.205.71
515,Jade,Meriott,jmeriottea@xing.com,Female,169.133.173.91
516,Hamnet,Harmer,hharmereb@loc.gov,Male,98.36.234.239
517,Lazarus,McGahey,lmcgaheyec@microsoft.com,Bigender,192.53.115.111
518,Dukie,Maro,dmaroed@marriott.com,Male,146.59.51.40
519,Sven,Pohling,spohlingee@indiatimes.com,Male,205.76.255.168
520,Virgina,Whiteoak,vwhiteoakef@upenn.edu,Female,208.101.89.104
521,Cori,Tampen,ctampeneg@washington.edu,Male,135.96.65.147
522,Gal,Parcall,gparcalleh@about.me,Male,179.80.180.109
523,Roderick,Kendrew,rkendrewei@china.com.cn,Non-binary,112.4.181.48
524,Giustino,Olenchenko,golenchenkoej@adobe.com,Male,102.17.30.180
525,Carla,Spillane,cspillaneek@bloglovin.com,Female,38.113.197.140
526,Sissy,Sliney,sslineyel@behance.net,Female,3.252.186.188
527,Drud,Wigginton,dwiggintonem@narod.ru,Male,211.144.7.171
528,Maris,Thuillier,mthuillieren@free.fr,Female,195.11.28.128
529,Gran,Constable,gconstableeo@tripod.com,Male,98.117.193.239
530,Tammi,Purrington,tpurringtonep@1688.com,Female,32.247.147.34
531,Connie,Hassey,chasseyeq@youtu.be,Female,132.155.25.189
532,Mildrid,Chattell,mchatteller@gmpg.org,Female,11.7.17.184
533,Ethe,Yerbury,eyerburyes@sohu.com,Male,153.66.89.21
534,Sallee,Goulstone,sgoulstoneet@umn.edu,Female,132.60.169.188
535,Erny,Inker,einkereu@bing.com,Male,111.106.94.78
536,Vasilis,O'Cullen,vocullenev@cbsnews.com,Male,87.213.34.164
537,Germaine,McKinn,gmckinnew@oaic.gov.au,Genderqueer,217.26.233.43
538,Bond,Waggett,bwaggettex@businesswire.com,Male,108.121.196.249
539,Juline,Kubyszek,jkubyszekey@sina.com.cn,Female,197.158.114.221
540,Audra,Tuckwell,atuckwellez@weather.com,Female,143.171.10.16
541,Corty,Ireland,cirelandf0@php.net,Male,193.199.31.216
542,Rodd,Thomke,rthomkef1@ning.com,Male,229.28.184.46
543,Lethia,Lansly,llanslyf2@hubpages.com,Female,226.244.85.67
544,Asa,Paskell,apaskellf3@stumbleupon.com,Male,189.104.225.35
545,Brennan,O'Siaghail,bosiaghailf4@360.cn,Male,192.149.193.237
546,Price,Cohen,pcohenf5@gov.uk,Male,216.61.224.192
547,Wolfie,Kinker,wkinkerf6@ox.ac.uk,Male,225.186.220.48
548,Amitie,Zukierman,azukiermanf7@home.pl,Female,197.35.241.250
549,Judas,Clatworthy,jclatworthyf8@nasa.gov,Male,8.173.153.132
550,Juliann,Kirman,jkirmanf9@1688.com,Female,43.65.32.211
551,Rolfe,Gronw,rgronwfa@twitter.com,Male,55.183.214.99
552,Ken,Hucquart,khucquartfb@omniture.com,Male,183.31.238.242
553,Kimbell,Labell,klabellfc@posterous.com,Male,91.62.216.131
554,Davy,Sketchley,dsketchleyfd@opensource.org,Male,118.124.60.55
555,Ertha,Chesterfield,echesterfieldfe@squidoo.com,Female,194.132.25.122
556,Sargent,De Cristofalo,sdecristofaloff@cornell.edu,Male,1.182.153.146
557,Michell,Kobierra,mkobierrafg@berkeley.edu,Female,141.222.143.164
558,Louis,Wallwood,lwallwoodfh@paginegialle.it,Male,243.186.10.149
559,Tamas,Ricci,triccifi@dedecms.com,Male,152.1.41.104
560,Morris,MacAfee,mmacafeefj@wordpress.com,Male,117.39.242.159
561,Lalo,Isselee,lisseleefk@mozilla.com,Male,198.47.99.11
562,Karyn,Tolchard,ktolchardfl@blogger.com,Female,150.75.8.174
563,Hildegarde,MacGillicuddy,hmacgillicuddyfm@xinhuanet.com,Female,124.52.70.36
564,Jacinda,Sanday,jsandayfn@rediff.com,Female,9.78.159.212
565,Milissent,Blakeston,mblakestonfo@oracle.com,Female,171.62.7.103
566,Kerianne,Vila,kvilafp@cdbaby.com,Female,155.204.131.131
567,Padraig,Farny,pfarnyfq@slate.com,Male,229.166.174.6
568,Davin,Witherby,dwitherbyfr@narod.ru,Male,220.0.238.113
569,Laura,Gounet,lgounetfs@hostgator.com,Female,122.240.65.77
570,Wilburt,Heersma,wheersmaft@e-recht24.de,Male,57.2.241.167
571,Bancroft,Pilch,bpilchfu@soup.io,Male,227.149.225.195
572,Marcie,Horbart,mhorbartfv@reuters.com,Female,247.123.172.94
573,Ignazio,Dumbelton,idumbeltonfw@columbia.edu,Male,22.191.227.222
574,Ferrel,Dalglish,fdalglishfx@spotify.com,Male,164.236.117.60
575,Zebedee,Grevel,zgrevelfy@slashdot.org,Male,63.43.6.247
576,Drud,Hilliam,dhilliamfz@unblog.fr,Male,196.232.171.6
577,Jodie,Dubarry,jdubarryg0@soup.io,Female,254.90.176.105
578,Chloris,Casale,ccasaleg1@noaa.gov,Female,134.183.108.186
579,Jany,Steffans,jsteffansg2@biblegateway.com,Female,85.100.29.84
580,Bing,Vandrill,bvandrillg3@boston.com,Genderqueer,28.211.159.4
581,Elmore,Scintsbury,escintsburyg4@zimbio.com,Male,232.153.184.162
582,Kittie,Havock,khavockg5@reverbnation.com,Female,223.149.77.87
583,Corey,Meaking,cmeakingg6@chronoengine.com,Agender,219.80.108.138
584,Baily,Mougin,bmouging7@is.gd,Non-binary,56.206.168.197
585,Caprice,Tommei,ctommeig8@eepurl.com,Female,3.13.50.9
586,Osborne,Gatherer,ogathererg9@bigcartel.com,Male,19.116.153.110
587,Daryn,O' Dornan,dodornanga@si.edu,Female,100.127.155.211
588,Eldredge,Dabrowski,edabrowskigb@auda.org.au,Male,211.253.153.222
589,Delaney,Quinney,dquinneygc@washingtonpost.com,Male,185.175.85.24
590,Felice,Chieze,fchiezegd@hubpages.com,Female,199.172.5.43
591,Urbain,Band,ubandge@wikispaces.com,Male,255.219.1.33
592,Henryetta,Bolwell,hbolwellgf@who.int,Female,246.225.121.106
593,Jeanne,Boggas,jboggasgg@gov.uk,Female,103.51.175.172
594,Gerianne,Giovannoni,ggiovannonigh@goodreads.com,Female,220.67.96.125
595,Mirabel,Provest,mprovestgi@alexa.com,Female,231.108.176.191
596,Rozelle,Ucchino,rucchinogj@cdc.gov,Female,141.61.71.67
597,Gina,Hall,ghallgk@ted.com,Female,120.83.185.38
598,Mordecai,Mulder,mmuldergl@cnbc.com,Male,36.9.214.118
599,Cassi,Blencowe,cblencowegm@naver.com,Female,124.55.68.57
600,Manya,Took,mtookgn@bandcamp.com,Female,43.18.169.25
601,Kendall,Casterou,kcasterougo@huffingtonpost.com,Male,132.221.119.173
602,Hebert,Jendrach,hjendrachgp@sphinn.com,Male,66.60.60.200
603,Rinaldo,Bebbell,rbebbellgq@home.pl,Male,30.72.9.101
604,Clevey,Eginton,cegintongr@miitbeian.gov.cn,Male,167.5.72.133
605,Remington,Hassard,rhassardgs@bigcartel.com,Male,111.151.9.126
606,Priscella,Muriel,pmurielgt@lycos.com,Female,219.20.191.104
607,Suzy,Earnshaw,searnshawgu@cbslocal.com,Female,231.134.163.218
608,Charil,Sicely,csicelygv@dion.ne.jp,Female,74.108.21.136
609,Rina,Fairholm,rfairholmgw@imageshack.us,Female,242.98.234.254
610,Mirella,Heathorn,mheathorngx@bigcartel.com,Female,14.194.178.68
611,Abba,McGilvra,amcgilvragy@un.org,Male,33.74.144.100
612,Shelli,Pybus,spybusgz@free.fr,Female,191.72.217.69
613,Nerty,Leaf,nleafh0@photobucket.com,Female,97.136.200.131
614,Rebecka,Hynde,rhyndeh1@sciencedirect.com,Female,172.104.231.122
615,Kinsley,Kamena,kkamenah2@flickr.com,Male,239.136.2.67
616,Anthony,O'Geaney,aogeaneyh3@smh.com.au,Male,38.48.104.100
617,Livia,Bucklee,lbuckleeh4@com.com,Female,130.106.205.249
618,Donavon,Drohan,ddrohanh5@google.com.au,Male,212.25.195.110
619,Bob,Newtown,bnewtownh6@fotki.com,Male,100.195.200.138
620,Ad,Wytchard,awytchardh7@unesco.org,Male,68.142.196.50
621,Desiri,Sazio,dsazioh8@slate.com,Female,46.107.6.21
622,Matias,Frisby,mfrisbyh9@squidoo.com,Male,126.22.116.112
623,Aurie,Aland,aalandha@shinystat.com,Genderfluid,0.41.208.169
624,Norrie,Ness,nnesshb@altervista.org,Genderfluid,242.151.229.27
625,Madlin,Bodham,mbodhamhc@amazon.de,Female,160.111.208.192
626,Nari,Ivers,nivershd@unc.edu,Female,80.85.64.192
627,Stefan,Bickardike,sbickardikehe@bbb.org,Male,125.165.2.153
628,Amery,Baldinotti,abaldinottihf@mysql.com,Male,19.113.144.186
629,Maura,Piller,mpillerhg@independent.co.uk,Female,154.206.160.215
630,Giana,Ghirigori,gghirigorihh@phpbb.com,Female,245.65.15.26
631,Aguistin,Spens,aspenshi@redcross.org,Male,117.125.55.80
632,Georgeta,Ormistone,gormistonehj@so-net.ne.jp,Female,194.55.103.95
633,Clarence,Ferreo,cferreohk@addthis.com,Male,214.116.104.69
634,Abigail,Episcopio,aepiscopiohl@cocolog-nifty.com,Female,38.254.190.32
635,Gwendolyn,Colrein,gcolreinhm@senate.gov,Female,154.8.193.123
636,Dianemarie,Costelloe,dcostelloehn@walmart.com,Female,153.50.138.89
637,Rey,Rawlings,rrawlingsho@privacy.gov.au,Male,127.110.91.254
638,Cordula,Whitaker,cwhitakerhp@cisco.com,Female,32.216.224.206
639,Humfried,Thorrington,hthorringtonhq@vimeo.com,Male,117.98.148.174
640,Lenette,Colam,lcolamhr@yandex.ru,Female,30.149.41.62
641,Lemar,Hamshaw,lhamshawhs@mysql.com,Male,224.198.70.191
642,Norris,Sutch,nsutchht@icq.com,Non-binary,3.181.74.238
643,Emelita,Gaveltone,egaveltonehu@blog.com,Female,145.131.12.81
644,Korey,Treagus,ktreagushv@stumbleupon.com,Male,236.176.232.255
645,Janith,Solland,jsollandhw@adobe.com,Female,152.73.215.130
646,Fayette,Frosdick,ffrosdickhx@webnode.com,Female,184.199.49.38
647,Suzette,Simmonite,ssimmonitehy@people.com.cn,Female,106.225.217.77
648,Chandra,Huett,chuetthz@imdb.com,Female,3.48.43.180
649,Kiel,Stendall,kstendalli0@clickbank.net,Male,10.218.83.123
650,Alexia,Rennick,arennicki1@nsw.gov.au,Female,33.165.121.20
651,Nollie,Glazebrook,nglazebrooki2@angelfire.com,Female,173.100.191.80
652,Adele,Barrowcliff,abarrowcliffi3@joomla.org,Female,117.17.181.19
653,Camey,Forcade,cforcadei4@walmart.com,Male,137.31.146.168
654,Phil,Brunelli,pbrunellii5@seattletimes.com,Male,188.136.120.73
655,Cassie,Ghilks,cghilksi6@apple.com,Female,222.238.135.184
656,Ingemar,Caygill,icaygilli7@ted.com,Male,154.69.97.145
657,Shirlee,Lindenboim,slindenboimi8@prweb.com,Non-binary,224.94.94.254
658,Ralf,Currey,rcurreyi9@meetup.com,Male,0.198.193.170
659,Gillie,Ockland,gocklandia@pcworld.com,Female,18.19.148.40
660,Merline,Reiglar,mreiglarib@scribd.com,Female,216.186.93.197
661,Maxim,Crangle,mcrangleic@amazonaws.com,Male,131.173.122.171
662,Emmanuel,Corney,ecorneyid@dot.gov,Male,102.128.243.49
663,Valeda,Mossop,vmossopie@ifeng.com,Female,133.62.99.43
664,Petrina,Moine,pmoineif@freewebs.com,Female,205.47.44.82
665,Jesse,Pyvis,jpyvisig@utexas.edu,Male,24.173.98.55
666,Anabelle,Bretherton,abrethertonih@unblog.fr,Female,224.226.178.47
667,Callie,Morison,cmorisonii@webnode.com,Female,35.229.114.166
668,Joelle,Troake,jtroakeij@unblog.fr,Female,126.74.86.137
669,Margarete,Ife,mifeik@tiny.cc,Female,25.149.47.115
670,Boniface,de Zamora,bdezamorail@ebay.com,Male,203.244.18.184
671,Cal,Troker,ctrokerim@yahoo.co.jp,Male,214.113.213.38
672,Raye,Venes,rvenesin@ustream.tv,Polygender,107.171.16.18
673,Tilly,Lindup,tlindupio@123-reg.co.uk,Female,134.192.34.150
674,Roldan,Jodlowski,rjodlowskiip@sohu.com,Male,12.215.188.194
675,Agnella,Impey,aimpeyiq@sun.com,Female,93.221.111.84
676,Kathi,Tampen,ktampenir@twitpic.com,Female,171.131.86.1
677,Purcell,Sotheby,psothebyis@mlb.com,Male,130.13.52.14
678,Freemon,Lantaph,flantaphit@yahoo.com,Male,175.160.123.162
679,Bili,Lehenmann,blehenmanniu@nyu.edu,Female,183.202.135.62
680,Lina,Kiwitz,lkiwitziv@buzzfeed.com,Female,73.239.83.222
681,Edsel,Roots,erootsiw@4shared.com,Male,250.233.168.154
682,Courtnay,Docker,cdockerix@ed.gov,Male,122.209.186.45
683,Mackenzie,Stiggers,mstiggersiy@fastcompany.com,Male,138.176.125.187
684,Shane,Bontein,sbonteiniz@vkontakte.ru,Male,121.220.108.110
685,Cecil,Gillani,cgillanij0@aol.com,Non-binary,227.73.182.67
686,Rip,McGlade,rmcgladej1@dmoz.org,Male,43.222.217.113
687,Kimbell,Titmarsh,ktitmarshj2@google.ca,Male,233.213.115.103
688,Kirby,Cruddas,kcruddasj3@va.gov,Male,187.231.248.222
689,Lizbeth,Aherne,lahernej4@businesswire.com,Female,42.128.23.47
690,Dick,Fraczkiewicz,dfraczkiewiczj5@walmart.com,Male,177.170.120.104
691,Norris,Minnette,nminnettej6@weebly.com,Male,55.7.137.208
692,Wilhelmina,Seacombe,wseacombej7@bbc.co.uk,Genderqueer,129.102.115.91
693,Lazar,Headon,lheadonj8@usda.gov,Male,213.203.193.215
694,Carey,Lente,clentej9@fc2.com,Male,192.146.106.203
695,Isabel,Escalero,iescaleroja@indiegogo.com,Female,251.237.105.186
696,Gallagher,Mathevon,gmathevonjb@naver.com,Male,198.248.106.254
697,Bald,O'Hartnedy,bohartnedyjc@alexa.com,Polygender,152.251.69.45
698,Sherlock,Coles,scolesjd@yellowpages.com,Male,180.132.36.102
699,Wang,Sarfatti,wsarfattije@elegantthemes.com,Male,94.255.213.200
700,Sanderson,Hunnaball,shunnaballjf@ezinearticles.com,Male,54.197.192.2
701,Greg,Lavis,glavisjg@imdb.com,Male,204.240.147.89
702,Dino,Higgan,dhigganjh@indiatimes.com,Male,61.160.245.229
703,Lina,Jacquemy,ljacquemyji@so-net.ne.jp,Female,85.154.122.25
704,Tallie,Scotchmore,tscotchmorejj@taobao.com,Female,128.182.31.254
705,Hulda,Domegan,hdomeganjk@squarespace.com,Female,198.178.176.240
706,Rosita,Dooney,rdooneyjl@wired.com,Female,74.180.109.202
707,Malchy,Niave,mniavejm@xrea.com,Male,64.180.196.235
708,Fran,Wrightson,fwrightsonjn@shinystat.com,Male,177.117.117.57
709,Pall,McCaughey,pmccaugheyjo@businesswire.com,Male,110.161.175.210
710,Joelle,Watkiss,jwatkissjp@ted.com,Female,245.124.163.23
711,Rodd,Piche,rpichejq@nature.com,Male,119.182.106.113
712,Gilberta,Dossit,gdossitjr@myspace.com,Female,172.127.189.56
713,Amalle,Kroon,akroonjs@theglobeandmail.com,Female,124.169.147.61
714,Darrelle,Grisedale,dgrisedalejt@unesco.org,Agender,232.155.27.46
715,Hilliard,Pedrozzi,hpedrozziju@histats.com,Male,20.203.49.138
716,Franklyn,Fawssett,ffawssettjv@amazon.com,Male,139.66.1.191
717,Charita,Doumerc,cdoumercjw@phpbb.com,Female,218.70.16.175
718,Anatollo,Beloe,abeloejx@ibm.com,Male,17.17.94.187
719,Maurizio,Messier,mmessierjy@wufoo.com,Male,157.206.187.91
720,Randie,Saylor,rsaylorjz@timesonline.co.uk,Female,34.119.211.64
721,Lothario,Scherer,lschererk0@nba.com,Genderfluid,11.91.6.144
722,Faythe,Leebetter,fleebetterk1@icio.us,Female,77.102.109.39
723,Trixi,Hentze,thentzek2@ca.gov,Female,231.108.84.136
724,Mohandis,Braemer,mbraemerk3@google.it,Male,93.82.37.162
725,Emmy,Pinnocke,epinnockek4@storify.com,Male,173.138.226.58
726,Bartholomeo,Oats,boatsk5@berkeley.edu,Male,211.65.139.167
727,Mollie,Wittier,mwittierk6@sourceforge.net,Female,247.56.230.78
728,Clayton,Phetteplace,cphetteplacek7@last.fm,Male,9.100.149.194
729,Arv,Baugham,abaughamk8@netvibes.com,Genderfluid,113.4.4.238
730,Wilek,Baggs,wbaggsk9@nytimes.com,Male,67.11.28.107
731,Sax,Pattle,spattleka@hexun.com,Male,156.56.59.92
732,Elianora,Pesterfield,epesterfieldkb@posterous.com,Female,112.215.242.252
733,Abbie,Eustice,aeusticekc@google.nl,Male,139.101.230.123
734,Gar,Lober,globerkd@ovh.net,Male,10.180.97.16
735,Dorolice,Snartt,dsnarttke@washington.edu,Female,23.46.27.99
736,Geordie,Wisbey,gwisbeykf@freewebs.com,Male,81.79.105.242
737,Jamesy,Janu,jjanukg@boston.com,Male,156.217.153.145
738,Weidar,Robeiro,wrobeirokh@sciencedaily.com,Male,241.209.116.57
739,Barde,Scneider,bscneiderki@jalbum.net,Male,132.3.238.47
740,Kennith,Roos,krooskj@tamu.edu,Polygender,91.91.130.123
741,Kiah,Sasser,ksasserkk@photobucket.com,Female,158.202.55.185
742,Imogen,Kerner,ikernerkl@hao123.com,Female,244.164.33.103
743,Thebault,McGlashan,tmcglashankm@canalblog.com,Male,31.151.167.163
744,Tatiana,Besnard,tbesnardkn@fc2.com,Female,71.151.87.115
745,Carolan,Romanet,cromanetko@ftc.gov,Female,223.164.236.34
746,Lacie,Measham,lmeashamkp@comsenz.com,Female,58.25.120.172
747,Timotheus,Brockley,tbrockleykq@dyndns.org,Male,153.246.119.6
748,Northrup,Wissbey,nwissbeykr@studiopress.com,Male,180.250.115.70
749,Birgit,Bakhrushkin,bbakhrushkinks@ehow.com,Female,84.115.148.71
750,Jonell,Kezar,jkezarkt@google.it,Female,255.154.192.92
751,Mabel,De Robertis,mderobertisku@nsw.gov.au,Female,122.239.69.109
752,Maryl,Greenacre,mgreenacrekv@springer.com,Female,165.69.21.179
753,Michael,Purdom,mpurdomkw@feedburner.com,Male,125.83.4.33
754,Reagan,Carrier,rcarrierkx@sohu.com,Male,234.193.20.103
755,Glendon,Dyett,gdyettky@tmall.com,Male,78.18.56.249
756,Evelin,Ciani,ecianikz@skype.com,Genderqueer,38.72.245.17
757,Sibella,Matisse,smatissel0@goo.ne.jp,Female,164.194.232.215
758,Mela,Crothers,mcrothersl1@altervista.org,Genderqueer,142.190.32.109
759,Sigvard,Peegrem,speegreml2@un.org,Male,193.19.147.197
760,Kenton,Brik,kbrikl3@cisco.com,Non-binary,96.164.169.248
761,Kevin,Warbys,kwarbysl4@phoca.cz,Male,203.38.40.173
762,Corbett,Furmenger,cfurmengerl5@live.com,Male,177.12.217.252
763,Doti,Biaggi,dbiaggil6@drupal.org,Female,174.172.86.179
764,Phyllida,Angood,pangoodl7@free.fr,Female,134.90.236.83
765,Jo ann,Lendon,jlendonl8@miibeian.gov.cn,Female,150.149.134.140
766,Field,Szymonwicz,fszymonwiczl9@shutterfly.com,Male,183.85.253.211
767,Leopold,Fortnam,lfortnamla@netscape.com,Male,85.123.35.21
768,Arlene,Load,aloadlb@prlog.org,Female,58.239.223.176
769,Greg,Baszkiewicz,gbaszkiewiczlc@imdb.com,Male,213.7.33.38
770,Constance,Whapham,cwhaphamld@google.co.jp,Female,164.169.199.121
771,Sukey,Laffan,slaffanle@amazon.de,Female,99.1.241.64
772,Abby,Janczewski,ajanczewskilf@typepad.com,Female,42.202.241.88
773,Marcellina,Avraham,mavrahamlg@mozilla.org,Female,255.103.23.72
774,Guglielmo,Bailes,gbaileslh@stumbleupon.com,Male,43.36.31.169
775,Lalo,Cozzi,lcozzili@so-net.ne.jp,Male,126.52.141.221
776,Orel,Currao,ocurraolj@indiegogo.com,Polygender,110.226.73.105
777,Mirabella,Pietruszewicz,mpietruszewiczlk@fc2.com,Female,36.39.175.248
778,Wally,Fish,wfishll@stanford.edu,Female,178.17.254.142
779,Mortie,Wethered,mwetheredlm@g.co,Male,5.199.245.127
780,Goldina,Strathearn,gstrathearnln@wordpress.org,Female,220.200.228.219
781,Josie,Leyes,jleyeslo@engadget.com,Female,9.135.63.114
782,Mahmoud,Kauschke,mkauschkelp@godaddy.com,Agender,193.180.11.236
783,Rubin,Gilpillan,rgilpillanlq@behance.net,Non-binary,241.158.64.70
784,Babara,Byrne,bbyrnelr@digg.com,Female,198.122.165.136
785,Margarita,Bleakman,mbleakmanls@list-manage.com,Female,28.227.175.167
786,Georgeta,Tomaskunas,gtomaskunaslt@last.fm,Female,59.27.210.116
787,Whitney,Skea,wskealu@webnode.com,Male,126.37.247.60
788,Bernete,Moran,bmoranlv@ucoz.com,Female,113.227.254.53
789,Kelcey,Seiler,kseilerlw@narod.ru,Female,92.229.139.230
790,Marshal,Cultcheth,mcultchethlx@miibeian.gov.cn,Male,250.24.117.107
791,Gregor,Bows,gbowsly@chron.com,Male,73.168.190.18
792,Wiatt,Bartholomaus,wbartholomauslz@google.de,Male,94.245.20.165
793,Christean,Niese,cniesem0@fc2.com,Female,27.190.241.34
794,Sylvia,Lackner,slacknerm1@yellowbook.com,Female,220.112.22.190
795,Tracie,Avrahamov,tavrahamovm2@loc.gov,Female,65.84.219.72
796,Tye,Keeley,tkeeleym3@howstuffworks.com,Male,228.85.42.77
797,Mirelle,McRobb,mmcrobbm4@dedecms.com,Female,158.6.251.46
798,Magdaia,Enrigo,menrigom5@cdbaby.com,Female,87.158.63.55
799,Allin,Wooland,awoolandm6@comsenz.com,Male,5.76.67.143
800,Jasmine,Vallens,jvallensm7@ox.ac.uk,Female,169.138.204.111
801,Kaylyn,Lob,klobm8@pcworld.com,Female,222.132.113.201
802,Quinta,Woodham,qwoodhamm9@google.com.hk,Female,93.224.203.72
803,Xylina,Corney,xcorneyma@biblegateway.com,Female,94.57.184.176
804,Aguistin,Stacy,astacymb@pcworld.com,Male,85.23.218.83
805,Hernando,Lenz,hlenzmc@creativecommons.org,Male,250.10.54.254
806,Grazia,Wateridge,gwateridgemd@myspace.com,Female,69.151.84.49
807,Dilan,Tuppeny,dtuppenyme@hc360.com,Male,107.66.66.230
808,Cleo,Tomney,ctomneymf@timesonline.co.uk,Female,116.83.169.121
809,Rurik,Sawart,rsawartmg@mail.ru,Male,209.94.190.22
810,Gratiana,Sinnatt,gsinnattmh@miibeian.gov.cn,Non-binary,163.190.220.218
811,Aurthur,Fagan,afaganmi@hexun.com,Male,63.176.138.16
812,Iggy,Wilde,iwildemj@usnews.com,Male,90.213.0.184
813,Nertie,Dugget,nduggetmk@army.mil,Agender,7.183.79.141
814,Shae,Padefield,spadefieldml@state.gov,Male,4.157.240.69
815,Thaxter,Topaz,ttopazmm@springer.com,Male,33.243.155.22
816,Kale,McCawley,kmccawleymn@ocn.ne.jp,Male,149.131.186.233
817,Chas,Spillard,cspillardmo@desdev.cn,Male,13.119.74.82
818,Thaxter,Capponeer,tcapponeermp@cmu.edu,Male,30.164.60.2
819,Garey,Morales,gmoralesmq@pbs.org,Male,127.213.6.181
820,Marilee,Waldrum,mwaldrummr@1und1.de,Female,154.6.71.246
821,Paco,Cockett,pcockettms@ihg.com,Male,243.166.35.120
822,Cindelyn,Rawcliff,crawcliffmt@wp.com,Female,227.200.222.119
823,Nikolaos,Ashpital,nashpitalmu@arstechnica.com,Male,132.229.68.232
824,Rowena,Stainer,rstainermv@youtube.com,Female,85.4.172.199
825,Vittoria,Gow,vgowmw@squidoo.com,Genderqueer,144.3.188.72
826,Melinda,Curds,mcurdsmx@nyu.edu,Female,73.92.173.35
827,Elia,Stuther,estuthermy@123-reg.co.uk,Male,157.251.96.25
828,Daune,Seward,dsewardmz@typepad.com,Female,88.198.56.29
829,Selinda,Willeson,swillesonn0@dailymotion.com,Female,88.217.128.176
830,Jewelle,Bernardelli,jbernardellin1@cargocollective.com,Female,101.12.95.19
831,Maggy,Yanele,myanelen2@prlog.org,Female,96.240.201.88
832,Valida,Rochester,vrochestern3@comcast.net,Female,68.130.194.108
833,Philis,Sweeting,psweetingn4@networksolutions.com,Female,58.142.233.107
834,Ardella,Sanzio,asanzion5@ezinearticles.com,Non-binary,239.203.104.103
835,Jammal,Dinning,jdinningn6@feedburner.com,Male,2.29.229.137
836,Marjory,Jemison,mjemisonn7@edublogs.org,Female,77.87.185.247
837,Robena,Ryland,rrylandn8@ycombinator.com,Female,78.6.7.154
838,Yance,Tear,ytearn9@is.gd,Male,234.190.135.233
839,Say,Whittam,swhittamna@nifty.com,Male,47.104.101.9
840,Arline,Busfield,abusfieldnb@hibu.com,Female,132.202.245.242
841,Ansley,Salvati,asalvatinc@digg.com,Female,118.113.107.100
842,Janela,Infantino,jinfantinond@ihg.com,Female,202.98.168.29
843,Jodee,Newbigging,jnewbiggingne@discuz.net,Female,104.165.113.128
844,Reynolds,Cuerda,rcuerdanf@samsung.com,Male,9.184.139.23
845,Lennard,Ivanchenkov,livanchenkovng@friendfeed.com,Male,81.109.58.103
846,Magdalene,O'Hagan,mohagannh@netlog.com,Female,9.252.38.217
847,Dorine,O'Rourke,dorourkeni@eepurl.com,Female,30.193.7.234
848,Rozalie,Sanney,rsanneynj@histats.com,Female,188.103.143.33
849,Orville,Pile,opilenk@csmonitor.com,Male,138.50.95.149
850,Stinky,Andreopolos,sandreopolosnl@newyorker.com,Male,89.12.120.107
851,Shaylah,Gianni,sgianninm@icq.com,Female,191.19.161.156
852,Lefty,Percival,lpercivalnn@utexas.edu,Male,169.150.235.37
853,Burtie,Reyne,breyneno@harvard.edu,Male,84.162.163.75
854,Helga,Stowe,hstowenp@gov.uk,Female,216.238.231.99
855,Ruby,Lukasik,rlukasiknq@ibm.com,Male,232.240.60.162
856,Courtney,Summerlie,csummerlienr@posterous.com,Female,144.133.43.238
857,Rachelle,Helder,rhelderns@wunderground.com,Female,49.20.140.230
858,Chaddy,Sumsion,csumsionnt@myspace.com,Male,27.81.117.25
859,Emmit,Antusch,eantuschnu@hexun.com,Male,5.62.195.50
860,Wanda,Jaskowicz,wjaskowicznv@flavors.me,Female,75.117.54.183
861,Bil,Hazart,bhazartnw@desdev.cn,Male,48.239.30.177
862,Irma,Ciciura,iciciuranx@hp.com,Female,192.126.231.191
863,Gaile,Gater,ggaterny@kickstarter.com,Genderfluid,12.83.97.172
864,Sal,Alpin,salpinnz@wired.com,Male,3.155.60.218
865,Carlee,Le Gassick,clegassicko0@newyorker.com,Genderfluid,42.136.211.118
866,Emmey,Dearn,edearno1@youtube.com,Female,2.160.120.127
867,Lamond,Kinglesyd,lkinglesydo2@spiegel.de,Male,235.246.150.1
868,Ware,Wahncke,wwahnckeo3@tumblr.com,Male,222.120.193.95
869,Abbe,Sherrett,asherretto4@shareasale.com,Male,85.134.245.181
870,Doloritas,Capponer,dcapponero5@ihg.com,Female,12.36.199.72
871,Garald,Gozzard,ggozzardo6@businessinsider.com,Male,195.255.210.204
872,Dacey,Edser,dedsero7@dailymail.co.uk,Female,105.102.210.102
873,Netty,Kittley,nkittleyo8@craigslist.org,Female,41.32.79.132
874,Jacklyn,Heritege,jheritegeo9@sciencedaily.com,Female,59.135.158.103
875,Ronnie,Gierke,rgierkeoa@booking.com,Female,110.27.172.15
876,Lindsay,Gouldie,lgouldieob@noaa.gov,Bigender,229.221.65.90
877,Yoshiko,Deveril,ydeveriloc@ask.com,Genderfluid,110.29.47.228
878,Lock,Ikins,likinsod@cbsnews.com,Male,169.118.58.73
879,Butch,Drysdall,bdrysdalloe@xrea.com,Male,47.179.209.176
880,Ancell,Mathon,amathonof@icio.us,Male,160.167.63.133
881,Drusi,Skillington,dskillingtonog@reuters.com,Female,98.108.39.197
882,Brooke,MacGillavery,bmacgillaveryoh@mail.ru,Male,193.72.62.126
883,Carolyne,Garie,cgarieoi@craigslist.org,Female,165.210.67.73
884,Shawnee,Lumsdon,slumsdonoj@mac.com,Female,254.157.209.21
885,Garret,Vyse,gvyseok@bloomberg.com,Male,27.184.9.241
886,Salli,Phipps,sphippsol@hexun.com,Female,185.162.217.147
887,Robbi,Castagnone,rcastagnoneom@cnbc.com,Bigender,160.56.205.186
888,Malchy,Beddoe,mbeddoeon@vistaprint.com,Male,168.6.59.184
889,Zacherie,Attack,zattackoo@exblog.jp,Male,60.55.18.190
890,Jonis,Rookledge,jrookledgeop@etsy.com,Female,57.32.71.245
891,Elsie,Dawton,edawtonoq@sogou.com,Female,202.131.228.1
892,Oralla,Cockren,ocockrenor@nhs.uk,Female,182.169.52.255
893,Carri,Stanbra,cstanbraos@biblegateway.com,Female,250.218.227.85
894,Meridel,Stouther,mstoutherot@nba.com,Female,244.248.43.114
895,Steve,Dewfall,sdewfallou@prweb.com,Male,89.4.25.233
896,Burk,Guarin,bguarinov@e-recht24.de,Genderfluid,59.181.215.75
897,Meridith,Epdell,mepdellow@cargocollective.com,Female,228.62.45.247
898,Guido,Swinerd,gswinerdox@baidu.com,Male,88.90.131.95
899,Kellen,Hambidge,khambidgeoy@mlb.com,Male,207.151.172.184
900,Agosto,Mandre,amandreoz@i2i.jp,Male,29.246.96.68
901,Danyelle,Boone,dboonep0@elegantthemes.com,Female,90.192.62.59
902,Etheline,Wimbridge,ewimbridgep1@cisco.com,Female,20.204.20.94
903,Tomas,Palffy,tpalffyp2@tuttocitta.it,Male,193.146.39.168
904,Fletcher,Brassington,fbrassingtonp3@wordpress.com,Male,59.28.106.214
905,Laurette,Jumel,ljumelp4@tinyurl.com,Female,198.250.206.234
906,Edita,Etteridge,eetteridgep5@apache.org,Female,153.247.243.133
907,Tess,Jewar,tjewarp6@twitpic.com,Female,217.103.50.78
908,Holli,Taill,htaillp7@examiner.com,Female,40.2.250.49
909,Frederigo,Rault,fraultp8@bizjournals.com,Male,229.2.193.100
910,Tully,Eisenberg,teisenbergp9@tuttocitta.it,Male,50.237.49.95
911,Sarene,Maly,smalypa@google.co.uk,Female,198.44.70.112
912,Gilberto,Yakushkev,gyakushkevpb@usgs.gov,Male,78.56.244.181
913,Kalle,Bourtoumieux,kbourtoumieuxpc@storify.com,Male,138.130.16.79
914,Eberto,Shackelton,eshackeltonpd@creativecommons.org,Male,14.220.31.22
915,Fredia,Larter,flarterpe@mozilla.org,Female,16.35.158.17
916,Jennie,Bootyman,jbootymanpf@skype.com,Female,183.136.40.66
917,Derrik,Gozard,dgozardpg@google.co.uk,Male,199.103.54.101
918,Catlee,Diggins,cdigginsph@scribd.com,Polygender,93.24.140.48
919,Corliss,Tuny,ctunypi@merriam-webster.com,Female,222.191.162.11
920,Jacquelynn,Pullinger,jpullingerpj@lycos.com,Female,138.25.132.58
921,Rustin,Mepham,rmephampk@photobucket.com,Male,175.233.201.43
922,Dacey,MacCaffrey,dmaccaffreypl@ucla.edu,Female,21.241.2.245
923,Tom,Cholmondeley,tcholmondeleypm@nba.com,Male,214.145.153.49
924,Allissa,Gare,agarepn@wp.com,Female,221.94.167.65
925,Skyler,Andren,sandrenpo@bloomberg.com,Male,32.195.59.54
926,Nick,Degoix,ndegoixpp@usatoday.com,Male,61.15.176.149
927,Stephannie,Pitrelli,spitrellipq@ftc.gov,Female,54.29.141.108
928,Damara,Coughan,dcoughanpr@vkontakte.ru,Female,204.0.175.195
929,Leodora,Baughen,lbaughenps@walmart.com,Female,153.231.53.59
930,Hermione,Ottee,hotteept@hibu.com,Female,78.1.151.199
931,Tildi,Leban,tlebanpu@mapy.cz,Female,19.120.167.206
932,Kissie,Tomlin,ktomlinpv@squarespace.com,Female,177.19.244.36
933,Vina,Deverock,vdeverockpw@jigsy.com,Female,132.22.60.182
934,Lavena,Swadlen,lswadlenpx@reddit.com,Genderqueer,19.237.54.249
935,Hasheem,Blaylock,hblaylockpy@who.int,Male,214.178.158.11
936,Trudy,Klimkiewich,tklimkiewichpz@nasa.gov,Polygender,126.36.198.6
937,Lian,Witty,lwittyq0@abc.net.au,Female,143.11.242.35
938,Hagen,Routhorn,hrouthornq1@sfgate.com,Male,241.150.145.79
939,Si,Scotts,sscottsq2@weebly.com,Male,54.235.198.243
940,Almeta,Totton,atottonq3@networkadvertising.org,Female,23.59.123.202
941,Tucker,Shipton,tshiptonq4@ebay.co.uk,Male,153.201.169.83
942,Derrek,Farnie,dfarnieq5@parallels.com,Male,27.132.251.14
943,Donia,Lynas,dlynasq6@ovh.net,Female,62.97.237.39
944,Lenka,Tremblay,ltremblayq7@mit.edu,Female,82.23.15.138
945,Georgine,Chyuerton,gchyuertonq8@constantcontact.com,Genderqueer,143.199.155.203
946,Tanya,Giddy,tgiddyq9@tuttocitta.it,Polygender,139.160.131.16
947,Margarette,Oaks,moaksqa@abc.net.au,Female,126.189.13.171
948,Callean,Grishakov,cgrishakovqb@businessweek.com,Male,41.193.109.19
949,Rosaleen,Howchin,rhowchinqc@shinystat.com,Female,180.119.23.97
950,Dorine,Entwhistle,dentwhistleqd@ox.ac.uk,Female,54.165.146.199
951,Wernher,Stockow,wstockowqe@freewebs.com,Male,19.140.114.58
952,Walden,Ornelas,wornelasqf@wikimedia.org,Polygender,177.248.34.40
953,Shelby,Radborne,sradborneqg@symantec.com,Bigender,64.29.7.53
954,Niki,Spriggin,nsprigginqh@myspace.com,Female,101.109.19.158
955,Lonnard,Buer,lbuerqi@yellowpages.com,Male,168.225.139.147
956,Rouvin,Behrens,rbehrensqj@yellowpages.com,Male,188.117.240.182
957,Ora,Bowcock,obowcockqk@toplist.cz,Female,106.115.228.229
958,Pieter,Pottiphar,ppottipharql@virginia.edu,Male,50.34.46.51
959,Boonie,Mathe,bmatheqm@wp.com,Male,185.52.208.23
960,Selma,Corrado,scorradoqn@alexa.com,Female,145.147.216.146
961,Rosie,Gotliffe,rgotliffeqo@smugmug.com,Female,147.138.134.179
962,Benoit,Bullcock,bbullcockqp@ebay.co.uk,Male,169.1.174.4
963,Dulcie,Hollingby,dhollingbyqq@mashable.com,Non-binary,72.208.142.212
964,Audra,Cannaway,acannawayqr@mit.edu,Female,80.174.186.104
965,Alasteir,Yesipov,ayesipovqs@patch.com,Male,92.21.214.76
966,Ringo,Duell,rduellqt@npr.org,Male,157.219.21.230
967,Ian,Espina,iespinaqu@yelp.com,Male,79.0.100.255
968,Gert,Roberds,groberdsqv@wordpress.org,Polygender,164.51.94.203
969,Torey,Myatt,tmyattqw@java.com,Male,236.150.238.46
970,Jeanne,Golborn,jgolbornqx@harvard.edu,Female,184.22.132.154
971,Janine,Staniford,jstanifordqy@blinklist.com,Female,211.26.6.196
972,Delila,Luciani,dlucianiqz@cyberchimps.com,Female,125.177.5.24
973,Maxie,Giacobillo,mgiacobillor0@indiegogo.com,Male,23.25.246.19
974,Dore,Giraux,dgirauxr1@blog.com,Female,7.97.77.225
975,Dew,Varcoe,dvarcoer2@hexun.com,Male,136.26.252.102
976,Prescott,Jeandillou,pjeandillour3@boston.com,Male,98.84.250.112
977,Adelbert,Enos,aenosr4@usgs.gov,Male,79.10.146.153
978,Dar,Ajean,dajeanr5@whitehouse.gov,Male,231.187.71.168
979,Sile,Furse,sfurser6@upenn.edu,Female,97.137.245.5
980,Keven,Flori,kflorir7@xinhuanet.com,Male,99.58.120.202
981,Ailey,Brainsby,abrainsbyr8@java.com,Female,146.185.4.240
982,Bent,Shearmur,bshearmurr9@washingtonpost.com,Male,111.92.137.100
983,Erda,Lyste,elystera@ocn.ne.jp,Polygender,55.221.29.151
984,Beale,Swindells,bswindellsrb@instagram.com,Agender,181.71.184.158
985,Lew,Thorouggood,lthorouggoodrc@google.fr,Male,72.19.173.210
986,Judah,O'Brogan,jobroganrd@earthlink.net,Male,176.98.60.138
987,Katleen,Ruhben,kruhbenre@nature.com,Female,102.39.27.252
988,Ches,Gypson,cgypsonrf@bing.com,Male,6.96.28.198
989,Kerby,Epsley,kepsleyrg@desdev.cn,Male,58.18.21.164
990,Rois,Block,rblockrh@tiny.cc,Female,236.33.246.1
991,Arlinda,Asch,aaschri@instagram.com,Genderqueer,255.177.67.59
992,Margaretha,Truran,mtruranrj@bbc.co.uk,Female,7.178.222.124
993,Pepito,Tofts,ptoftsrk@wunderground.com,Male,213.91.54.252
994,Gabie,Kingsman,gkingsmanrl@ifeng.com,Male,0.119.145.241
995,Kelci,Goodfield,kgoodfieldrm@cyberchimps.com,Female,8.115.131.80
996,Yul,Drance,ydrancern@dedecms.com,Male,141.184.66.124
997,Bradley,Nicolson,bnicolsonro@altervista.org,Male,164.99.199.114
998,Winston,Wessing,wwessingrp@who.int,Male,193.186.13.121
999,Cami,Duggan,cdugganrq@mlb.com,Female,140.206.185.170
1000,Ker,Sanbrook,ksanbrookrr@uiuc.edu,Male,179.44.171.37
